province,municipality,barangay
Iloilo,Ajuy,Adcadarao
Iloilo,Ajuy,Agbobolo
Iloilo,Ajuy,Badiangan
Iloilo,Ajuy,Barrido
Iloilo,Ajuy,Bato Biasong
Iloilo,Ajuy,Bay-Ang
Iloilo,Ajuy,Bucana Bunglas
Iloilo,Ajuy,Central
Iloilo,Ajuy,Culasi
Iloilo,Ajuy,Lanjagan
Iloilo,Ajuy,Luca
Iloilo,Ajuy,Malayu-An
Iloilo,Ajuy,Mangorocoro
Iloilo,Ajuy,Nasidman
Iloilo,Ajuy,Pantalan Nabaye
Iloilo,Ajuy,Pantalan Navarro
Iloilo,Ajuy,Pedada
Iloilo,Ajuy,Pili
Iloilo,Ajuy,Pinantan Diel
Iloilo,Ajuy,Pinantan Elizalde
Iloilo,Ajuy,Pinay Espinosa
Iloilo,Ajuy,Poblacion
Iloilo,Ajuy,Progreso
Iloilo,Ajuy,Puente Bunglas
Iloilo,Ajuy,Punta Buri
Iloilo,Ajuy,Rojas
Iloilo,Ajuy,San Antonio
Iloilo,Ajuy,Santo Rosario
Iloilo,Ajuy,Silagon
Iloilo,Ajuy,Tagubanhan
Iloilo,Ajuy,Taguhangin
Iloilo,Ajuy,Tanduyan
Iloilo,Ajuy,Tipacla
Iloilo,Ajuy,Tubogan
Iloilo,Anilao,Agbatuan
Iloilo,Anilao,Badiang
Iloilo,Anilao,Balabag
Iloilo,Anilao,Balunos
Iloilo,Anilao,Cag-An
Iloilo,Anilao,Camiros
Iloilo,Anilao,Dangula-An
Iloilo,Anilao,Guipis
Iloilo,Anilao,Manganese
Iloilo,Anilao,Medina
Iloilo,Anilao,Mostro
Iloilo,Anilao,Palaypay
Iloilo,Anilao,Pantalan
Iloilo,Anilao,Poblacion
Iloilo,Anilao,Sambag Culob
Iloilo,Anilao,San Carlos
Iloilo,Anilao,San Juan Crisostomo
Iloilo,Anilao,Santa Rita
Iloilo,Anilao,Santo Rosario
Iloilo,Anilao,Serallo
Iloilo,Anilao,Vista Alegre
Iloilo,Alimodian,Abang-Abang
Iloilo,Alimodian,Agsing
Iloilo,Alimodian,Atabay
Iloilo,Alimodian,Ba-Ong
Iloilo,Alimodian,Bagsakan
Iloilo,Alimodian,Baguingin-Lanot
Iloilo,Alimodian,Bagumbayan-Ilajas
Iloilo,Alimodian,Balabago
Iloilo,Alimodian,Ban-Ag
Iloilo,Alimodian,Bancal
Iloilo,Alimodian,Binalud
Iloilo,Alimodian,Bugang
Iloilo,Alimodian,Buhay
Iloilo,Alimodian,Bulod
Iloilo,Alimodian,Cabacanan Proper
Iloilo,Alimodian,Cabacanan Rizal
Iloilo,Alimodian,Cagay
Iloilo,Alimodian,Coline
Iloilo,Alimodian,Coline-Dalag
Iloilo,Alimodian,Cunsad
Iloilo,Alimodian,Cuyad
Iloilo,Alimodian,Dalid
Iloilo,Alimodian,Dao
Iloilo,Alimodian,Gines
Iloilo,Alimodian,Ginomoy
Iloilo,Alimodian,Ingwan
Iloilo,Alimodian,Laylayan
Iloilo,Alimodian,Lico
Iloilo,Alimodian,Luan-Luan
Iloilo,Alimodian,Malamboy-Bondolan
Iloilo,Alimodian,Malamhay
Iloilo,Alimodian,Mambawi
Iloilo,Alimodian,Manasa
Iloilo,Alimodian,Manduyog
Iloilo,Alimodian,Pajo
Iloilo,Alimodian,Pianda-An Norte
Iloilo,Alimodian,Pianda-An Sur
Iloilo,Alimodian,Poblacion
Iloilo,Alimodian,Punong
Iloilo,Alimodian,Quinaspan
Iloilo,Alimodian,Sinamay
Iloilo,Alimodian,Sulong
Iloilo,Alimodian,Taban-Manguining
Iloilo,Alimodian,Tabug
Iloilo,Alimodian,Tarug
Iloilo,Alimodian,Tugaslon
Iloilo,Alimodian,Ubodan
Iloilo,Alimodian,Ugbo
Iloilo,Alimodian,Ulay-Bugang
Iloilo,Alimodian,Ulay-Hinablan
Iloilo,Alimodian,Umingan
Iloilo,Badiangan,Agusipan
Iloilo,Badiangan,Astorga
Iloilo,Badiangan,Bingauan
Iloilo,Badiangan,Bita-Oyan
Iloilo,Badiangan,Botong
Iloilo,Badiangan,Budiawe
Iloilo,Badiangan,Cabanga-An
Iloilo,Badiangan,Cabayogan
Iloilo,Badiangan,Calansanan
Iloilo,Badiangan,Catubig
Iloilo,Badiangan,Guinawahan
Iloilo,Badiangan,Ilongbukid
Iloilo,Badiangan,Indorohan
Iloilo,Badiangan,Iniligan
Iloilo,Badiangan,Latawan
Iloilo,Badiangan,Linayuan
Iloilo,Badiangan,Mainguit
Iloilo,Badiangan,Malublub
Iloilo,Badiangan,Manaolan
Iloilo,Badiangan,Mapili Grande
Iloilo,Badiangan,Mapili Sanjo
Iloilo,Badiangan,Odiongan
Iloilo,Badiangan,Poblacion (Badiangan)
Iloilo,Badiangan,San Julian
Iloilo,Badiangan,Sariri
Iloilo,Badiangan,Sianon
Iloilo,Badiangan,Sinuagan
Iloilo,Badiangan,Talaba
Iloilo,Badiangan,Tamocol
Iloilo,Badiangan,Teneclan
Iloilo,Badiangan,Tina
Iloilo,Batad,Alapasco
Iloilo,Batad,Alinsolong
Iloilo,Batad,Banban
Iloilo,Batad,Batad Viejo
Iloilo,Batad,Binon-An
Iloilo,Batad,Bolhog
Iloilo,Batad,Bulak Norte
Iloilo,Batad,Bulak Sur
Iloilo,Batad,Cabagohan
Iloilo,Batad,Calangag
Iloilo,Batad,Caw-I
Iloilo,Batad,Drancalan
Iloilo,Batad,Embarcadero
Iloilo,Batad,Hamod
Iloilo,Batad,Malico
Iloilo,Batad,Nangka
Iloilo,Batad,Pasayan
Iloilo,Batad,Poblacion
Iloilo,Batad,Quiazan Florete
Iloilo,Batad,Quiazan Lopez
Iloilo,Batad,Salong
Iloilo,Batad,Santa Ana
Iloilo,Batad,Tanao
Iloilo,Batad,Tapi-An
Iloilo,Concepcion,Aglosong
Iloilo,Concepcion,Agnaga
Iloilo,Concepcion,Bacjawan Norte
Iloilo,Concepcion,Bacjawan Sur
Iloilo,Concepcion,Bagongon
Iloilo,Concepcion,Batiti
Iloilo,Concepcion,Botlog
Iloilo,Concepcion,Calamigan
Iloilo,Concepcion,Dungon
Iloilo,Concepcion,Igbon
Iloilo,Concepcion,Jamul-Awon
Iloilo,Concepcion,Lo-Ong
Iloilo,Concepcion,Macalbang
Iloilo,Concepcion,Macatunao
Iloilo,Concepcion,Malangabang
Iloilo,Concepcion,Maliogliog
Iloilo,Concepcion,Nino
Iloilo,Concepcion,Nipa
Iloilo,Concepcion,Plandico
Iloilo,Concepcion,Poblacion
Iloilo,Concepcion,Polopina
Iloilo,Concepcion,Salvacion
Iloilo,Concepcion,Talotu-An
Iloilo,Concepcion,Tambaliza
Iloilo,Concepcion,Tamis-Ac
Iloilo,Guimbal,Anono-O
Iloilo,Guimbal,Bacong
Iloilo,Guimbal,Bagumbayan Pob. (Bagumbayan-Granada)
Iloilo,Guimbal,Balantad-Carlos Fruto (Pob.)
Iloilo,Guimbal,Baras
Iloilo,Guimbal,Binanua-An
Iloilo,Guimbal,Bongol San Miguel
Iloilo,Guimbal,Bongol San Vicente
Iloilo,Guimbal,Bulad
Iloilo,Guimbal,Buluangan
Iloilo,Guimbal,Burgos-Gengos (Pob.)
Iloilo,Guimbal,Cabasi
Iloilo,Guimbal,Cabubugan
Iloilo,Guimbal,Calampitao
Iloilo,Guimbal,Camangahan
Iloilo,Guimbal,Generosa-Cristobal Colon (Pob.)
Iloilo,Guimbal,Gerona-Gimeno (Pob.)
Iloilo,Guimbal,Girado-Magsaysay (Pob.)
Iloilo,Guimbal,Gotera (Pob.)
Iloilo,Guimbal,Igcocolo
Iloilo,Guimbal,Iyasan
Iloilo,Guimbal,Libo-On Gonzales (Pob.)
Iloilo,Guimbal,Lubacan
Iloilo,Guimbal,Nahapay
Iloilo,Guimbal,Nalundan
Iloilo,Guimbal,Nanga
Iloilo,Guimbal,Nito-An Lupsag
Iloilo,Guimbal,Particion
Iloilo,Guimbal,Pescadores (Pob.)
Iloilo,Guimbal,Rizal-Tuguisan (Pob.)
Iloilo,Guimbal,Santa Rosa-Laguna
Iloilo,Guimbal,Sipitan-Badiang
Iloilo,Guimbal,Torreblanca-Blumentritt (Pob.)
Iloilo,Leganes,Bigke
Iloilo,Leganes,Buntatala
Iloilo,Leganes,Cagamutan Norte
Iloilo,Leganes,Cagamutan Sur
Iloilo,Leganes,Calaboa
Iloilo,Leganes,Camangay
Iloilo,Leganes,Cari Mayor
Iloilo,Leganes,Cari Minor
Iloilo,Leganes,Gua-An
Iloilo,Leganes,Guihaman
Iloilo,Leganes,Guinobatan
Iloilo,Leganes,Guintas
Iloilo,Leganes,Lapayon
Iloilo,Leganes,M.v. Hechanova (Balagon)
Iloilo,Leganes,Nabitasan
Iloilo,Leganes,Napnud
Iloilo,Leganes,Poblacion
Iloilo,Leganes,San Vicente
Iloilo,Mina,Abat
Iloilo,Mina,Agmanaphao
Iloilo,Mina,Amiroy
Iloilo,Mina,Badiangan
Iloilo,Mina,Bangac
Iloilo,Mina,Cabalabaguan
Iloilo,Mina,Capul-An
Iloilo,Mina,Dala
Iloilo,Mina,Guibuangan
Iloilo,Mina,Janipa-An East
Iloilo,Mina,Janipa-An West
Iloilo,Mina,Mina East (Pob.)
Iloilo,Mina,Mina West (Pob.)
Iloilo,Mina,Nasirum
Iloilo,Mina,Naumuan
Iloilo,Mina,Singay
Iloilo,Mina,Talibong Grande
Iloilo,Mina,Talibong Pequeno
Iloilo,Mina,Tipolo
Iloilo,Mina,Tolarucan
Iloilo,Mina,Tumay
Iloilo,Mina,Yugot
Iloilo,Pototan,Abangay
Iloilo,Pototan,Amamaros
Iloilo,Pototan,Bagacay
Iloilo,Pototan,Barasan
Iloilo,Pototan,Batuan
Iloilo,Pototan,Bongco
Iloilo,Pototan,Cahaguichican
Iloilo,Pototan,Callan
Iloilo,Pototan,Cansilayan
Iloilo,Pototan,Casalsagan
Iloilo,Pototan,Cato-Ogan
Iloilo,Pototan,Cau-Ayan
Iloilo,Pototan,Culob
Iloilo,Pototan,Danao
Iloilo,Pototan,Dapitan
Iloilo,Pototan,Dawis
Iloilo,Pototan,Dongsol
Iloilo,Pototan,Fernando Parcon Ward (Pob.)
Iloilo,Pototan,Fundacion
Iloilo,Pototan,Guibuangan
Iloilo,Pototan,Guinacas
Iloilo,Pototan,Igang
Iloilo,Pototan,Intaluan
Iloilo,Pototan,Iwa Ilaud
Iloilo,Pototan,Iwa Ilaya
Iloilo,Pototan,Jamabalud
Iloilo,Pototan,Jebioc
Iloilo,Pototan,Lay-Ahan
Iloilo,Pototan,Lopez Jaena Ward (Pob.)
Iloilo,Pototan,Lumbo
Iloilo,Pototan,Macatol
Iloilo,Pototan,Malusgod
Iloilo,Pototan,Nabitasan
Iloilo,Pototan,Naga
Iloilo,Pototan,Nanga
Iloilo,Pototan,Naslo
Iloilo,Pototan,Pajo
Iloilo,Pototan,Palanguia
Iloilo,Pototan,Pitogo
Iloilo,Pototan,Polot-An
Iloilo,Pototan,Primitivo Ledesma Ward (Pob.)
Iloilo,Pototan,Purog
Iloilo,Pototan,Rumbang
Iloilo,Pototan,San Jose Ward (Pob.)
Iloilo,Pototan,Sinuagan
Iloilo,Pototan,Tuburan
Iloilo,Pototan,Tumcon Ilaud
Iloilo,Pototan,Tumcon Ilaya
Iloilo,Pototan,Ubang
Iloilo,Pototan,Zarrague
Iloilo,Balasan,Aranjuez
Iloilo,Balasan,Bacolod
Iloilo,Balasan,Balanti-An
Iloilo,Balasan,Batuan
Iloilo,Balasan,Cabalic
Iloilo,Balasan,Camambugan
Iloilo,Balasan,Dolores
Iloilo,Balasan,Gimamanay
Iloilo,Balasan,Ipil
Iloilo,Balasan,Kinalkalan
Iloilo,Balasan,Lawis
Iloilo,Balasan,Malapoc
Iloilo,Balasan,Mamhut Norte
Iloilo,Balasan,Mamhut Sur
Iloilo,Balasan,Maya
Iloilo,Balasan,Pani-An
Iloilo,Balasan,Poblacion Norte
Iloilo,Balasan,Poblacion Sur
Iloilo,Balasan,Quiasan
Iloilo,Balasan,Salong
Iloilo,Balasan,Salvacion
Iloilo,Balasan,Tingui-An
Iloilo,Balasan,Zaragosa
Iloilo,San Rafael,Aripdip
Iloilo,San Rafael,Bagacay
Iloilo,San Rafael,Calaigang
Iloilo,San Rafael,Ilongbukid
Iloilo,San Rafael,Poblacion
Iloilo,San Rafael,Poscolon
Iloilo,San Rafael,San Andres
Iloilo,San Rafael,San Dionisio
Iloilo,San Rafael,San Florentino
Iloilo,Cabatuan,Acao
Iloilo,Cabatuan,Amerang
Iloilo,Cabatuan,Amurao
Iloilo,Cabatuan,Anuang
Iloilo,Cabatuan,Ayaman
Iloilo,Cabatuan,Ayong
Iloilo,Cabatuan,Bacan
Iloilo,Cabatuan,Balabag
Iloilo,Cabatuan,Baluyan
Iloilo,Cabatuan,Banguit
Iloilo,Cabatuan,Bulay
Iloilo,Cabatuan,Cadoldolan
Iloilo,Cabatuan,Cagban
Iloilo,Cabatuan,Calawagan
Iloilo,Cabatuan,Calayo
Iloilo,Cabatuan,Duyanduyan
Iloilo,Cabatuan,Gaub
Iloilo,Cabatuan,Gines Interior
Iloilo,Cabatuan,Gines Patag
Iloilo,Cabatuan,Guibuangan Tigbauan
Iloilo,Cabatuan,Inabasan
Iloilo,Cabatuan,Inaca
Iloilo,Cabatuan,Inaladan
Iloilo,Cabatuan,Ingas
Iloilo,Cabatuan,Ito Norte
Iloilo,Cabatuan,Ito Sur
Iloilo,Cabatuan,Janipaan Central
Iloilo,Cabatuan,Janipaan Este
Iloilo,Cabatuan,Janipaan Oeste
Iloilo,Cabatuan,Janipaan Olo
Iloilo,Cabatuan,Jelicuon Lusaya
Iloilo,Cabatuan,Jelicuon Montinola
Iloilo,Cabatuan,Lag-An
Iloilo,Cabatuan,Leong
Iloilo,Cabatuan,Lutac
Iloilo,Cabatuan,Manguna
Iloilo,Cabatuan,Maraguit
Iloilo,Cabatuan,Morubuan
Iloilo,Cabatuan,Pacatin
Iloilo,Cabatuan,Pagotpot
Iloilo,Cabatuan,Pamul-Ogan
Iloilo,Cabatuan,Pamuringao Garrido
Iloilo,Cabatuan,Pamuringao Proper
Iloilo,Cabatuan,Pungtod
Iloilo,Cabatuan,Puyas
Iloilo,Cabatuan,Salacay
Iloilo,Cabatuan,Sulanga
Iloilo,Cabatuan,Tabucan
Iloilo,Cabatuan,Tacdangan
Iloilo,Cabatuan,Talanghauan
Iloilo,Cabatuan,Tigbauan Road
Iloilo,Cabatuan,Tinio-An
Iloilo,Cabatuan,Tiring
Iloilo,Cabatuan,Tupol Central
Iloilo,Cabatuan,Tupol Este
Iloilo,Cabatuan,Tupol Oeste
Iloilo,Cabatuan,Tuy-An
Iloilo,Cabatuan,Zone I Pob. (Barangay 1)
Iloilo,Cabatuan,Zone II Pob. (Barangay 2)
Iloilo,Cabatuan,Zone III Pob. (Barangay 3)
Iloilo,Cabatuan,Zone IV Pob. (Barangay 4)
Iloilo,Cabatuan,Zone IX Pob. (Barangay 9)
Iloilo,Cabatuan,Zone V Pob. (Barangay 5)
Iloilo,Cabatuan,Zone VI Pob. (Barangay 6 )
Iloilo,Cabatuan,Zone VII Pob. (Barangay 7)
Iloilo,Cabatuan,Zone VIII Pob. (Barangay 8)
Iloilo,Cabatuan,Zone X Pob. (Barangay 10)
Iloilo,Cabatuan,Zone XI Pob. (Barangay 11)
Iloilo,Banate,Alacaygan
Iloilo,Banate,Bariga
Iloilo,Banate,Belen
Iloilo,Banate,Bobon
Iloilo,Banate,Bularan
Iloilo,Banate,Carmelo
Iloilo,Banate,De La Paz
Iloilo,Banate,Dugwakan
Iloilo,Banate,Fuentes*
Iloilo,Banate,Juanico
Iloilo,Banate,Libertad
Iloilo,Banate,Magdalo
Iloilo,Banate,Managopaya
Iloilo,Banate,Merced
Iloilo,Banate,Poblacion
Iloilo,Banate,San Salvador
Iloilo,Banate,Talokgangan
Iloilo,Banate,Zona Sur
Iloilo,Zarraga,Balud I
Iloilo,Zarraga,Balud II
Iloilo,Zarraga,Balud Lilo-An
Iloilo,Zarraga,Dawis Centro
Iloilo,Zarraga,Dawis Norte
Iloilo,Zarraga,Dawis Sur
Iloilo,Zarraga,Gines
Iloilo,Zarraga,Ilawod Poblacion
Iloilo,Zarraga,Ilaya Poblacion
Iloilo,Zarraga,Inagdangan Centro
Iloilo,Zarraga,Inagdangan Norte
Iloilo,Zarraga,Inagdangan Sur
Iloilo,Zarraga,Jalaud Norte
Iloilo,Zarraga,Jalaud Sur
Iloilo,Zarraga,Libongcogon
Iloilo,Zarraga,Malunang
Iloilo,Zarraga,Pajo
Iloilo,Zarraga,Sambag
Iloilo,Zarraga,Sigangao
Iloilo,Zarraga,Talauguis
Iloilo,Zarraga,Talibong
Iloilo,Zarraga,Tubigan
Iloilo,Zarraga,Tuburan
Iloilo,Zarraga,Tuburan Sulbod
Iloilo,Duenas,Agutayan
Iloilo,Duenas,Angare
Iloilo,Duenas,Anjawan
Iloilo,Duenas,Baac
Iloilo,Duenas,Bagongbong
Iloilo,Duenas,Balangigan
Iloilo,Duenas,Balingasag
Iloilo,Duenas,Banugan
Iloilo,Duenas,Batuan
Iloilo,Duenas,Bita
Iloilo,Duenas,Buenavista
Iloilo,Duenas,Bugtongan
Iloilo,Duenas,Cabudian
Iloilo,Duenas,Calaca-An
Iloilo,Duenas,Calang
Iloilo,Duenas,Calawinan
Iloilo,Duenas,Capaycapay
Iloilo,Duenas,Capuling
Iloilo,Duenas,Catig
Iloilo,Duenas,Dila-An
Iloilo,Duenas,Fundacion
Iloilo,Duenas,Inadlawan
Iloilo,Duenas,Jagdong
Iloilo,Duenas,Jaguimit
Iloilo,Duenas,Lacadon
Iloilo,Duenas,Luag
Iloilo,Duenas,Malusgod
Iloilo,Duenas,Maribuyong
Iloilo,Duenas,Minanga
Iloilo,Duenas,Monpon
Iloilo,Duenas,Navalas
Iloilo,Duenas,Pader
Iloilo,Duenas,Pandan
Iloilo,Duenas,Poblacion A
Iloilo,Duenas,Poblacion B
Iloilo,Duenas,Poblacion C
Iloilo,Duenas,Poblacion D
Iloilo,Duenas,Ponong Grande
Iloilo,Duenas,Ponong Pequeno
Iloilo,Duenas,Purog
Iloilo,Duenas,Romblon
Iloilo,Duenas,San Isidro
Iloilo,Duenas,Santo Nino
Iloilo,Duenas,Sawe
Iloilo,Duenas,Taminla
Iloilo,Duenas,Tinocuan
Iloilo,Duenas,Tipolo
Iloilo,Calinog,Agcalaga
Iloilo,Calinog,Aglibacao
Iloilo,Calinog,Aglonok
Iloilo,Calinog,Alibunan
Iloilo,Calinog,Badlan Grande
Iloilo,Calinog,Badlan Pequeno
Iloilo,Calinog,Badu
Iloilo,Calinog,Baje San Julian
Iloilo,Calinog,Balaticon
Iloilo,Calinog,Banban Grande
Iloilo,Calinog,Banban Pequeno
Iloilo,Calinog,Barrio Calinog
Iloilo,Calinog,Binolosan Grande
Iloilo,Calinog,Binolosan Pequeno
Iloilo,Calinog,Cabagiao
Iloilo,Calinog,Cabugao
Iloilo,Calinog,Cahigon
Iloilo,Calinog,Camalongo
Iloilo,Calinog,Canabajan
Iloilo,Calinog,Caratagan
Iloilo,Calinog,Carvasana
Iloilo,Calinog,Dalid
Iloilo,Calinog,Datagan
Iloilo,Calinog,Gama Grande
Iloilo,Calinog,Gama Pequeno
Iloilo,Calinog,Garangan
Iloilo,Calinog,Guinbonyugan
Iloilo,Calinog,Guiso
Iloilo,Calinog,Hilwan
Iloilo,Calinog,Impalidan
Iloilo,Calinog,Ipil
Iloilo,Calinog,Jamin-Ay
Iloilo,Calinog,Lampaya
Iloilo,Calinog,Libot
Iloilo,Calinog,Lonoy
Iloilo,Calinog,Malag-It
Iloilo,Calinog,Malaguinabot
Iloilo,Calinog,Malapawe
Iloilo,Calinog,Malitbog Centro
Iloilo,Calinog,Mambiranan
Iloilo,Calinog,Manaripay
Iloilo,Calinog,Marandig
Iloilo,Calinog,Masaroy
Iloilo,Calinog,Maspasan
Iloilo,Calinog,Nalbugan
Iloilo,Calinog,Owak
Iloilo,Calinog,Poblacion Centro
Iloilo,Calinog,Poblacion Delgado
Iloilo,Calinog,Poblacion Ilaya
Iloilo,Calinog,Poblacion Rizal Ilaud
Iloilo,Calinog,San Nicolas
Iloilo,Calinog,Simsiman
Iloilo,Calinog,Supanga
Iloilo,Calinog,Tabucan
Iloilo,Calinog,Tahing
Iloilo,Calinog,Tibiao
Iloilo,Calinog,Tigbayog
Iloilo,Calinog,Toyungan
Iloilo,Calinog,Ulayan
Iloilo,Dumangas,Aurora-Del Pilar (Pob.)
Iloilo,Dumangas,Bacay
Iloilo,Dumangas,Bacong
Iloilo,Dumangas,Balabag
Iloilo,Dumangas,Balud
Iloilo,Dumangas,Bantud
Iloilo,Dumangas,Bantud Fabrica
Iloilo,Dumangas,Baras
Iloilo,Dumangas,Barasan
Iloilo,Dumangas,Basa-Mabini Bonifacio (Pob.)
Iloilo,Dumangas,Bolilao
Iloilo,Dumangas,Buenaflor Embarkadero (Pob.)
Iloilo,Dumangas,Burgos-Regidor (Pob.)
Iloilo,Dumangas,Calao
Iloilo,Dumangas,Cali
Iloilo,Dumangas,Cansilayan
Iloilo,Dumangas,Capaliz
Iloilo,Dumangas,Cayos
Iloilo,Dumangas,Compayan
Iloilo,Dumangas,Dacutan
Iloilo,Dumangas,Ermita
Iloilo,Dumangas,Ilaya 1St
Iloilo,Dumangas,Ilaya 2Nd
Iloilo,Dumangas,Ilaya 3Rd
Iloilo,Dumangas,Jardin
Iloilo,Dumangas,Lacturan
Iloilo,Dumangas,Lopez Jaena - Rizal (Pob.)
Iloilo,Dumangas,Managuit
Iloilo,Dumangas,Maquina
Iloilo,Dumangas,Nanding Lopez
Iloilo,Dumangas,Pagdugue
Iloilo,Dumangas,Paloc Bigque
Iloilo,Dumangas,Paloc Sool
Iloilo,Dumangas,Patlad
Iloilo,Dumangas,Pd Monfort North (Lublub)
Iloilo,Dumangas,Pd Monfort South (Guinsampanan)
Iloilo,Dumangas,Pulao
Iloilo,Dumangas,Rosario
Iloilo,Dumangas,Sapao
Iloilo,Dumangas,Sulangan
Iloilo,Dumangas,Tabucan
Iloilo,Dumangas,Talusan
Iloilo,Dumangas,Tambobo
Iloilo,Dumangas,Tamboilan
Iloilo,Dumangas,Victorias
Iloilo,Iloilo City,Abeto Mirasol Taft South (Quirino Abeto)
Iloilo,Iloilo City,Aguinaldo
Iloilo,Iloilo City,Airport (Tabucan Airport)
Iloilo,Iloilo City,Alalasan Lapuz
Iloilo,Iloilo City,Arguelles
Iloilo,Iloilo City,Arsenal Aduana
Iloilo,Iloilo City,Bakhaw
Iloilo,Iloilo City,Balabago
Iloilo,Iloilo City,Balantang
Iloilo,Iloilo City,Baldoza
Iloilo,Iloilo City,Bantud
Iloilo,Iloilo City,Banuyao
Iloilo,Iloilo City,Baybay Tanza
Iloilo,Iloilo City,Benedicto (Jaro)
Iloilo,Iloilo City,Bito-On
Iloilo,Iloilo City,Bolilao
Iloilo,Iloilo City,Bonifacio (Arevalo)
Iloilo,Iloilo City,Bonifacio Tanza
Iloilo,Iloilo City,Buhang
Iloilo,Iloilo City,Buhang Taft North
Iloilo,Iloilo City,Buntatala
Iloilo,Iloilo City,Burgos-Mabini-Plaza
Iloilo,Iloilo City,Caingin
Iloilo,Iloilo City,Calahunan
Iloilo,Iloilo City,Calaparan
Iloilo,Iloilo City,Calubihan
Iloilo,Iloilo City,Calumpang
Iloilo,Iloilo City,Camalig
Iloilo,Iloilo City,Cochero
Iloilo,Iloilo City,Compania
Iloilo,Iloilo City,Concepcion-Montes
Iloilo,Iloilo City,Cuartero
Iloilo,Iloilo City,Cubay
Iloilo,Iloilo City,Danao
Iloilo,Iloilo City,Delgado-Jalandoni-Bagumbayan
Iloilo,Iloilo City,Democracia
Iloilo,Iloilo City,Desamparados
Iloilo,Iloilo City,Divinagracia
Iloilo,Iloilo City,Don Esteban-Lapuz
Iloilo,Iloilo City,Dulonan
Iloilo,Iloilo City,Dungon
Iloilo,Iloilo City,Dungon A
Iloilo,Iloilo City,Dungon B
Iloilo,Iloilo City,East Baluarte
Iloilo,Iloilo City,East Timawa
Iloilo,Iloilo City,Edganzon
Iloilo,Iloilo City,El 98 Castilla (Claudio Lopez)
Iloilo,Iloilo City,Fajardo
Iloilo,Iloilo City,Flores
Iloilo,Iloilo City,General Hughes-Montes
Iloilo,Iloilo City,Gloria
Iloilo,Iloilo City,Gustilo
Iloilo,Iloilo City,Guzman-Jesena
Iloilo,Iloilo City,Habog-Habog Salvacion
Iloilo,Iloilo City,Hibao-An Norte
Iloilo,Iloilo City,Hibao-An Sur
Iloilo,Iloilo City,Hinactacan
Iloilo,Iloilo City,Hipodromo
Iloilo,Iloilo City,Inday
Iloilo,Iloilo City,Infante
Iloilo,Iloilo City,Ingore
Iloilo,Iloilo City,Jalandoni Estate-Lapuz
Iloilo,Iloilo City,Jalandoni-Wilson
Iloilo,Iloilo City,Javellana
Iloilo,Iloilo City,Jereos
Iloilo,Iloilo City,Kahirupan
Iloilo,Iloilo City,Kasingkasing
Iloilo,Iloilo City,Katilingban
Iloilo,Iloilo City,Kauswagan
Iloilo,Iloilo City,Laguda
Iloilo,Iloilo City,Lanit
Iloilo,Iloilo City,Lapuz Norte
Iloilo,Iloilo City,Lapuz Sur
Iloilo,Iloilo City,Legaspi Dela Rama
Iloilo,Iloilo City,Liberation
Iloilo,Iloilo City,Libertad Santa Isabel
Iloilo,Iloilo City,Libertad-Lapuz
Iloilo,Iloilo City,Loboc-Lapuz
Iloilo,Iloilo City,Lopez Jaena (Jaro)
Iloilo,Iloilo City,Lopez Jaena Norte
Iloilo,Iloilo City,Lopez Jaena Sur
Iloilo,Iloilo City,Luna (Jaro)
Iloilo,Iloilo City,Luna (La Paz)
Iloilo,Iloilo City,M. V. Hechanova
Iloilo,Iloilo City,Mabolo-Delgado
Iloilo,Iloilo City,Macarthur
Iloilo,Iloilo City,Magdalo
Iloilo,Iloilo City,Magsaysay
Iloilo,Iloilo City,Magsaysay Village
Iloilo,Iloilo City,Malipayon-Delgado
Iloilo,Iloilo City,Mansaya-Lapuz
Iloilo,Iloilo City,Marcelo H. Del Pilar
Iloilo,Iloilo City,Maria Clara
Iloilo,Iloilo City,Maria Cristina
Iloilo,Iloilo City,Mohon
Iloilo,Iloilo City,Molo Boulevard
Iloilo,Iloilo City,Monica Blumentritt
Iloilo,Iloilo City,Montinola
Iloilo,Iloilo City,Muelle Loney-Montes
Iloilo,Iloilo City,Nabitasan
Iloilo,Iloilo City,Navais
Iloilo,Iloilo City,Nonoy
Iloilo,Iloilo City,North Avancena
Iloilo,Iloilo City,North Baluarte
Iloilo,Iloilo City,North Fundidor
Iloilo,Iloilo City,North San Jose
Iloilo,Iloilo City,Obrero-Lapuz
Iloilo,Iloilo City,Onate De Leon
Iloilo,Iloilo City,Ortiz
Iloilo,Iloilo City,Osmena
Iloilo,Iloilo City,Our Lady Of Fatima
Iloilo,Iloilo City,Our Lady Of Lourdes
Iloilo,Iloilo City,Pale Benedicto Rizal (Mandurriao)
Iloilo,Iloilo City,Phhc Block 17
Iloilo,Iloilo City,Phhc Block 22 Nha
Iloilo,Iloilo City,Poblacion Molo
Iloilo,Iloilo City,President Roxas
Iloilo,Iloilo City,Progreso-Lapuz
Iloilo,Iloilo City,Punong-Lapuz
Iloilo,Iloilo City,Quezon
Iloilo,Iloilo City,Quintin Salas
Iloilo,Iloilo City,Railway
Iloilo,Iloilo City,Rima-Rizal
Iloilo,Iloilo City,Rizal (La Paz)
Iloilo,Iloilo City,Rizal Estanzuela
Iloilo,Iloilo City,Rizal Ibarra
Iloilo,Iloilo City,Rizal Palapala I
Iloilo,Iloilo City,Rizal Palapala II
Iloilo,Iloilo City,Roxas Village
Iloilo,Iloilo City,Sambag
Iloilo,Iloilo City,Sampaguita
Iloilo,Iloilo City,San Agustin
Iloilo,Iloilo City,San Antonio
Iloilo,Iloilo City,San Felix
Iloilo,Iloilo City,San Isidro (Jaro)
Iloilo,Iloilo City,San Isidro (La Paz)
Iloilo,Iloilo City,San Jose (Arevalo)
Iloilo,Iloilo City,San Jose (City Proper)
Iloilo,Iloilo City,San Jose (Jaro)
Iloilo,Iloilo City,San Juan
Iloilo,Iloilo City,San Nicolas
Iloilo,Iloilo City,San Pedro (Jaro)
Iloilo,Iloilo City,San Pedro (Molo)
Iloilo,Iloilo City,San Rafael
Iloilo,Iloilo City,San Roque
Iloilo,Iloilo City,San Vicente
Iloilo,Iloilo City,Santa Cruz
Iloilo,Iloilo City,Santa Filomena
Iloilo,Iloilo City,Santa Rosa
Iloilo,Iloilo City,Santo Domingo
Iloilo,Iloilo City,Santo Nino Norte
Iloilo,Iloilo City,Santo Nino Sur
Iloilo,Iloilo City,Santo Rosario-Duran
Iloilo,Iloilo City,Seminario (Burgos Jalandoni)
Iloilo,Iloilo City,Simon Ledesma
Iloilo,Iloilo City,Sinikway (Bangkerohan Lapuz)
Iloilo,Iloilo City,So-Oc
Iloilo,Iloilo City,South Baluarte
Iloilo,Iloilo City,South Fundidor
Iloilo,Iloilo City,South San Jose
Iloilo,Iloilo City,Taal
Iloilo,Iloilo City,Tabuc Suba (Jaro)
Iloilo,Iloilo City,Tabuc Suba (La Paz)
Iloilo,Iloilo City,Tabucan
Iloilo,Iloilo City,Tacas
Iloilo,Iloilo City,Tagbac
Iloilo,Iloilo City,Tanza-Esperanza
Iloilo,Iloilo City,Tap-Oc
Iloilo,Iloilo City,Taytay Zone II
Iloilo,Iloilo City,Ticud (La Paz)
Iloilo,Iloilo City,Timawa Tanza I
Iloilo,Iloilo City,Timawa Tanza II
Iloilo,Iloilo City,Ungka
Iloilo,Iloilo City,Veterans Village
Iloilo,Iloilo City,Villa Anita
Iloilo,Iloilo City,West Habog-Habog
Iloilo,Iloilo City,West Timawa
Iloilo,Iloilo City,Yulo Drive
Iloilo,Iloilo City,Yulo-Arroyo
Iloilo,Iloilo City,Zamora-Melliza
Iloilo,Barotac Nuevo,Acuit
Iloilo,Barotac Nuevo,Agcuyawan Calsada
Iloilo,Barotac Nuevo,Agcuyawan Pulo
Iloilo,Barotac Nuevo,Bagongbong
Iloilo,Barotac Nuevo,Baras
Iloilo,Barotac Nuevo,Bungca
Iloilo,Barotac Nuevo,Cabilauan
Iloilo,Barotac Nuevo,Cruz
Iloilo,Barotac Nuevo,Guintas
Iloilo,Barotac Nuevo,Igbong
Iloilo,Barotac Nuevo,Ilaud Poblacion
Iloilo,Barotac Nuevo,Ilaya Poblacion
Iloilo,Barotac Nuevo,Jalaud
Iloilo,Barotac Nuevo,Lagubang
Iloilo,Barotac Nuevo,Lanas
Iloilo,Barotac Nuevo,Lico-An
Iloilo,Barotac Nuevo,Linao
Iloilo,Barotac Nuevo,Monpon
Iloilo,Barotac Nuevo,Palaciawan
Iloilo,Barotac Nuevo,Patag
Iloilo,Barotac Nuevo,Salihid
Iloilo,Barotac Nuevo,So-Ol
Iloilo,Barotac Nuevo,Sohoton
Iloilo,Barotac Nuevo,Tabuc-Suba
Iloilo,Barotac Nuevo,Tabucan
Iloilo,Barotac Nuevo,Talisay
Iloilo,Barotac Nuevo,Tinorian
Iloilo,Barotac Nuevo,Tiwi
Iloilo,Barotac Nuevo,Tubungan
Iloilo,Leon,Agboy Norte
Iloilo,Leon,Agboy Sur
Iloilo,Leon,Agta
Iloilo,Leon,Ambulong
Iloilo,Leon,Anonang
Iloilo,Leon,Apian
Iloilo,Leon,Avanzada
Iloilo,Leon,Awis
Iloilo,Leon,Ayabang
Iloilo,Leon,Ayubo
Iloilo,Leon,Bacolod
Iloilo,Leon,Baje
Iloilo,Leon,Banagan
Iloilo,Leon,Barangbang
Iloilo,Leon,Barasan
Iloilo,Leon,Bayag Norte
Iloilo,Leon,Bayag Sur
Iloilo,Leon,Binolbog
Iloilo,Leon,Biri Norte
Iloilo,Leon,Biri Sur
Iloilo,Leon,Bobon
Iloilo,Leon,Bucari
Iloilo,Leon,Buenavista
Iloilo,Leon,Buga
Iloilo,Leon,Bulad
Iloilo,Leon,Bulwang
Iloilo,Leon,Cabolo-An
Iloilo,Leon,Cabunga-An
Iloilo,Leon,Cabutongan
Iloilo,Leon,Cagay
Iloilo,Leon,Camandag
Iloilo,Leon,Camando
Iloilo,Leon,Cananaman
Iloilo,Leon,Capt. Fernando
Iloilo,Leon,Carara-An
Iloilo,Leon,Carolina
Iloilo,Leon,Cawilihan
Iloilo,Leon,Coyugan Norte
Iloilo,Leon,Coyugan Sur
Iloilo,Leon,Danao
Iloilo,Leon,Dorog
Iloilo,Leon,Dusacan
Iloilo,Leon,Gines
Iloilo,Leon,Gumboc
Iloilo,Leon,Igcadios
Iloilo,Leon,Ingay
Iloilo,Leon,Isian Norte
Iloilo,Leon,Isian Victoria
Iloilo,Leon,Jamog Gines
Iloilo,Leon,Lampaya
Iloilo,Leon,Lanag
Iloilo,Leon,Lang-Og
Iloilo,Leon,Ligtos
Iloilo,Leon,Lonoc
Iloilo,Leon,Magcapay
Iloilo,Leon,Maliao
Iloilo,Leon,Malublub
Iloilo,Leon,Manampunay
Iloilo,Leon,Marirong
Iloilo,Leon,Mina
Iloilo,Leon,Mocol
Iloilo,Leon,Nagbangi
Iloilo,Leon,Nalbang
Iloilo,Leon,Odong-Odong
Iloilo,Leon,Oluangan
Iloilo,Leon,Omambong
Iloilo,Leon,Paga
Iloilo,Leon,Pandan
Iloilo,Leon,Panginman
Iloilo,Leon,Paoy
Iloilo,Leon,Pepe
Iloilo,Leon,Poblacion
Iloilo,Leon,Salngan
Iloilo,Leon,Samlague
Iloilo,Leon,Siol Norte
Iloilo,Leon,Siol Sur
Iloilo,Leon,Tacuyong Norte
Iloilo,Leon,Tacuyong Sur
Iloilo,Leon,Tagsing
Iloilo,Leon,Talacuan
Iloilo,Leon,Ticuan
Iloilo,Leon,Tina-An Norte
Iloilo,Leon,Tina-An Sur
Iloilo,Leon,Tu-Og
Iloilo,Leon,Tunguan
Iloilo,Janiuay,Abangay
Iloilo,Janiuay,Agcarope
Iloilo,Janiuay,Aglobong
Iloilo,Janiuay,Aguingay
Iloilo,Janiuay,Anhawan
Iloilo,Janiuay,Aquino Nobleza East (Pob.)
Iloilo,Janiuay,Aquino Nobleza West (Pob.)
Iloilo,Janiuay,Atimonan
Iloilo,Janiuay,Balanac
Iloilo,Janiuay,Barasalon
Iloilo,Janiuay,Bongol
Iloilo,Janiuay,Cabantog
Iloilo,Janiuay,Calmay
Iloilo,Janiuay,Canawili
Iloilo,Janiuay,Canawillian
Iloilo,Janiuay,Capt. A. Tirador (Pob.)
Iloilo,Janiuay,Caranas
Iloilo,Janiuay,Caraudan
Iloilo,Janiuay,Carigangan
Iloilo,Janiuay,Concepcion Pob. (D.g. Abordo)
Iloilo,Janiuay,Crispin Salazar North (Pob.)
Iloilo,Janiuay,Crispin Salazar South (Pob.)
Iloilo,Janiuay,Cunsad
Iloilo,Janiuay,Dabong
Iloilo,Janiuay,Damires
Iloilo,Janiuay,Damo-Ong
Iloilo,Janiuay,Danao
Iloilo,Janiuay,Don T. Lutero Center (Pob.)
Iloilo,Janiuay,Don T. Lutero East (Pob.)
Iloilo,Janiuay,Don T. Lutero West Pob. (Don T. Lutero North)
Iloilo,Janiuay,Gines
Iloilo,Janiuay,Golgota (Pob.)
Iloilo,Janiuay,Guadalupe
Iloilo,Janiuay,Jibolo
Iloilo,Janiuay,Kuyot
Iloilo,Janiuay,Locsin (Pob.)
Iloilo,Janiuay,Madong
Iloilo,Janiuay,Manacabac
Iloilo,Janiuay,Mangil
Iloilo,Janiuay,Matag-Ub
Iloilo,Janiuay,Monte-Magapa
Iloilo,Janiuay,Pangilihan
Iloilo,Janiuay,Panuran
Iloilo,Janiuay,Pararinga
Iloilo,Janiuay,Patong-Patong
Iloilo,Janiuay,Quipot
Iloilo,Janiuay,R. Armada (Pob.)
Iloilo,Janiuay,S. M. Villa (Pob.)
Iloilo,Janiuay,San Julian (Pob.)
Iloilo,Janiuay,San Pedro (Pob.)
Iloilo,Janiuay,Santa Rita (Pob.)
Iloilo,Janiuay,Santo Tomas
Iloilo,Janiuay,Sarawag
Iloilo,Janiuay,Tambal
Iloilo,Janiuay,Tamu-An
Iloilo,Janiuay,Tiringanan
Iloilo,Janiuay,Tolarucan
Iloilo,Janiuay,Tuburan
Iloilo,Janiuay,Ubian
Iloilo,Janiuay,Yabon
Iloilo,Maasin,Abay
Iloilo,Maasin,Abilay
Iloilo,Maasin,Agrocel Pob. (Aguinaldo-Roxas--Celso Mayor)
Iloilo,Maasin,Amerang
Iloilo,Maasin,Bagacay East
Iloilo,Maasin,Bagacay West
Iloilo,Maasin,Bolo
Iloilo,Maasin,Bug-Ot
Iloilo,Maasin,Bulay
Iloilo,Maasin,Buntalan
Iloilo,Maasin,Burak
Iloilo,Maasin,Cabangcalan
Iloilo,Maasin,Cabatac
Iloilo,Maasin,Caigon
Iloilo,Maasin,Cananghan
Iloilo,Maasin,Canawili
Iloilo,Maasin,Dagami
Iloilo,Maasin,Daja
Iloilo,Maasin,Dalusan
Iloilo,Maasin,Delcar Pob. (Delgado-Cartagena)
Iloilo,Maasin,Inabasan
Iloilo,Maasin,Layog
Iloilo,Maasin,Linab
Iloilo,Maasin,Linagan Calsada
Iloilo,Maasin,Linagan Tacas
Iloilo,Maasin,Magsaysay
Iloilo,Maasin,Mandog
Iloilo,Maasin,Mari Pob. (Mabini-Rizal)
Iloilo,Maasin,Miapa
Iloilo,Maasin,Nagba
Iloilo,Maasin,Nasaka
Iloilo,Maasin,Naslo-Bucao
Iloilo,Maasin,Nasuli
Iloilo,Maasin,Panalian
Iloilo,Maasin,Piandaan East
Iloilo,Maasin,Piandaan West
Iloilo,Maasin,Pispis
Iloilo,Maasin,Punong
Iloilo,Maasin,Santa Rita
Iloilo,Maasin,Sinubsuban
Iloilo,Maasin,Siwalo
Iloilo,Maasin,Subog
Iloilo,Maasin,Thtp Pob. (Taft-Thompson--Hughes-Del Pilar)
Iloilo,Maasin,Tigbauan
Iloilo,Maasin,Trangka
Iloilo,Maasin,Tubang
Iloilo,Maasin,Tulahong
Iloilo,Maasin,Tuy-An East
Iloilo,Maasin,Tuy-An West
Iloilo,Maasin,Ubian
Iloilo,Bingawan,Agba-O
Iloilo,Bingawan,Alabidhan
Iloilo,Bingawan,Bulabog
Iloilo,Bingawan,Cairohan
Iloilo,Bingawan,Guinhulacan
Iloilo,Bingawan,Inamyungan
Iloilo,Bingawan,Malitbog Ilawod
Iloilo,Bingawan,Malitbog Ilaya
Iloilo,Bingawan,Ngingi-An
Iloilo,Bingawan,Poblacion
Iloilo,Bingawan,Quinangyana
Iloilo,Bingawan,Quinar-Upan
Iloilo,Bingawan,Tapacon
Iloilo,Bingawan,Tubod
Iloilo,Oton,Abilay Norte
Iloilo,Oton,Abilay Sur
Iloilo,Oton,Alegre
Iloilo,Oton,Batuan Ilaud
Iloilo,Oton,Batuan Ilaya
Iloilo,Oton,Bita Norte
Iloilo,Oton,Bita Sur
Iloilo,Oton,Botong
Iloilo,Oton,Buray
Iloilo,Oton,Cabanbanan
Iloilo,Oton,Caboloan Norte
Iloilo,Oton,Caboloan Sur
Iloilo,Oton,Cadinglian
Iloilo,Oton,Cagbang
Iloilo,Oton,Calam-Isan
Iloilo,Oton,Galang
Iloilo,Oton,Lambuyao
Iloilo,Oton,Mambog
Iloilo,Oton,Pakiad
Iloilo,Oton,Poblacion East
Iloilo,Oton,Poblacion North
Iloilo,Oton,Poblacion South
Iloilo,Oton,Poblacion West
Iloilo,Oton,Polo Maestra Bita
Iloilo,Oton,Rizal
Iloilo,Oton,Salngan
Iloilo,Oton,Sambaludan
Iloilo,Oton,San Antonio
Iloilo,Oton,San Nicolas
Iloilo,Oton,Santa Clara
Iloilo,Oton,Santa Monica
Iloilo,Oton,Santa Rita
Iloilo,Oton,Tagbac Norte
Iloilo,Oton,Tagbac Sur
Iloilo,Oton,Trapiche
Iloilo,Oton,Tuburan
Iloilo,Oton,Turog-Turog
Iloilo,Passi,Agdahon
Iloilo,Passi,Agdayao
Iloilo,Passi,Aglalana
Iloilo,Passi,Agtabo
Iloilo,Passi,Agtambo
Iloilo,Passi,Alimono
Iloilo,Passi,Arac
Iloilo,Passi,Ayuyan
Iloilo,Passi,Bacuranan
Iloilo,Passi,Bagacay
Iloilo,Passi,Batu
Iloilo,Passi,Bayan
Iloilo,Passi,Bitaogan
Iloilo,Passi,Buenavista
Iloilo,Passi,Buyo
Iloilo,Passi,Cabunga
Iloilo,Passi,Cadilang
Iloilo,Passi,Cairohan
Iloilo,Passi,Dalicanan
Iloilo,Passi,Gegachac
Iloilo,Passi,Gemat-Y
Iloilo,Passi,Gemumua-Agahon
Iloilo,Passi,Gines Viejo
Iloilo,Passi,Imbang Grande
Iloilo,Passi,Jaguimitan
Iloilo,Passi,Libo-O
Iloilo,Passi,Maasin
Iloilo,Passi,Magdungao
Iloilo,Passi,Malag-It Grande
Iloilo,Passi,Malag-It Pequeno
Iloilo,Passi,Mambiranan Grande
Iloilo,Passi,Mambiranan Pequeno
Iloilo,Passi,Man-It
Iloilo,Passi,Mantulang
Iloilo,Passi,Mulapula
Iloilo,Passi,Nueva Union
Iloilo,Passi,Pagaypay
Iloilo,Passi,Pangi
Iloilo,Passi,Poblacion Ilawod
Iloilo,Passi,Poblacion Ilaya
Iloilo,Passi,Punong
Iloilo,Passi,Quinagaringan Grande
Iloilo,Passi,Quinagaringan Pequeno
Iloilo,Passi,Sablogon
Iloilo,Passi,Salngan
Iloilo,Passi,Santo Tomas
Iloilo,Passi,Sarapan
Iloilo,Passi,Tagubong
Iloilo,Passi,Talongonan
Iloilo,Passi,Tubod
Iloilo,Passi,Tuburan
Iloilo,Dingle,Abangay
Iloilo,Dingle,Agsalanan
Iloilo,Dingle,Agtatacay
Iloilo,Dingle,Alegria
Iloilo,Dingle,Bongloy
Iloilo,Dingle,Buenavista
Iloilo,Dingle,Caguyuman
Iloilo,Dingle,Calicuang
Iloilo,Dingle,Camambugan
Iloilo,Dingle,Dawis
Iloilo,Dingle,Ginalinan Nuevo
Iloilo,Dingle,Ginalinan Viejo
Iloilo,Dingle,Gutao
Iloilo,Dingle,Ilajas
Iloilo,Dingle,Libo-O
Iloilo,Dingle,Licu-An
Iloilo,Dingle,Lincud
Iloilo,Dingle,Matangharon
Iloilo,Dingle,Moroboro
Iloilo,Dingle,Namatay
Iloilo,Dingle,Nazuni
Iloilo,Dingle,Pandan
Iloilo,Dingle,Poblacion
Iloilo,Dingle,Potolan
Iloilo,Dingle,San Jose
Iloilo,Dingle,San Matias
Iloilo,Dingle,Siniba-An
Iloilo,Dingle,Tabugon
Iloilo,Dingle,Tambunac
Iloilo,Dingle,Tanghawan
Iloilo,Dingle,Tiguib
Iloilo,Dingle,Tinocuan
Iloilo,Dingle,Tulatula-An
Iloilo,San Enrique,Abaca
Iloilo,San Enrique,Asisig
Iloilo,San Enrique,Bagonawa
Iloilo,San Enrique,Baliwagan
Iloilo,San Enrique,Bantayan
Iloilo,San Enrique,Batuan
Iloilo,San Enrique,Braulan
Iloilo,San Enrique,Cabugao Nuevo
Iloilo,San Enrique,Cabugao Viejo
Iloilo,San Enrique,Camiri
Iloilo,San Enrique,Catan-Agan
Iloilo,San Enrique,Compo
Iloilo,San Enrique,Cubay
Iloilo,San Enrique,Dacal
Iloilo,San Enrique,Dumiles
Iloilo,San Enrique,Garita
Iloilo,San Enrique,Gines Nuevo
Iloilo,San Enrique,Guintorilan
Iloilo,San Enrique,Imbang Pequeno
Iloilo,San Enrique,Imbesad-An
Iloilo,San Enrique,Iprog
Iloilo,San Enrique,Lip-Ac
Iloilo,San Enrique,Madarag
Iloilo,San Enrique,Mapili
Iloilo,San Enrique,Nayon
Iloilo,San Enrique,Paga
Iloilo,San Enrique,Palje
Iloilo,San Enrique,Poblacion Ilawod
Iloilo,San Joaquin,Amboyu-An
Iloilo,San Joaquin,Andres Bonifacio
Iloilo,San Joaquin,Antalon
Iloilo,San Joaquin,Bad-As
Iloilo,San Joaquin,Bagumbayan
Iloilo,San Joaquin,Balabago
Iloilo,San Joaquin,Baybay
Iloilo,San Joaquin,Bayunan (Panday Oro)
Iloilo,San Joaquin,Bolbogan
Iloilo,San Joaquin,Bonga
Iloilo,San Joaquin,Bucaya
Iloilo,San Joaquin,Bulho
Iloilo,San Joaquin,Cadluman
Iloilo,San Joaquin,Cadoldolan
Iloilo,San Joaquin,Camaba-An
Iloilo,San Joaquin,Camia
Iloilo,San Joaquin,Cata-An
Iloilo,San Joaquin,Crossing Dapuyan
Iloilo,San Joaquin,Cubay
Iloilo,San Joaquin,Cumarascas
Iloilo,San Joaquin,Dacdacanan
Iloilo,San Joaquin,Danawan
Iloilo,San Joaquin,Doldol
Iloilo,San Joaquin,Dongoc
Iloilo,San Joaquin,Escalantera
Iloilo,San Joaquin,Ginot-An
Iloilo,San Joaquin,Guibongan Bayunan
Iloilo,San Joaquin,Huna
Iloilo,San Joaquin,Igbaje
Iloilo,San Joaquin,Igbangcal
Iloilo,San Joaquin,Igbinangon
Iloilo,San Joaquin,Igburi
Iloilo,San Joaquin,Igcabutong
Iloilo,San Joaquin,Igcadlum
Iloilo,San Joaquin,Igcaphang
Iloilo,San Joaquin,Igcaratong
Iloilo,San Joaquin,Igcondao
Iloilo,San Joaquin,Igcores
Iloilo,San Joaquin,Igdagmay
Iloilo,San Joaquin,Igdomingding
Iloilo,San Joaquin,Iglilico
Iloilo,San Joaquin,Igpayong
Iloilo,San Joaquin,Jawod
Iloilo,San Joaquin,Langca
Iloilo,San Joaquin,Languanan
Iloilo,San Joaquin,Lawigan
Iloilo,San Joaquin,Lomboy
Iloilo,San Joaquin,Lomboyan (Santa Ana)
Iloilo,San Joaquin,Lopez Vito
Iloilo,San Joaquin,Mabini Norte
Iloilo,San Joaquin,Mabini Sur
Iloilo,San Joaquin,Manhara
Iloilo,San Joaquin,Maninila
Iloilo,San Joaquin,Masagud
Iloilo,San Joaquin,Matambog
Iloilo,San Joaquin,Mayunoc
Iloilo,San Joaquin,Montinola
Iloilo,San Joaquin,Nadsadan
Iloilo,San Joaquin,Nagquirisan
Iloilo,San Joaquin,Nagsipit
Iloilo,San Joaquin,New Gumawan
Iloilo,San Joaquin,Panatan
Iloilo,San Joaquin,Pitogo
Iloilo,San Joaquin,Purok 1 (Pob.)
Iloilo,San Joaquin,Purok 2 (Pob.)
Iloilo,San Joaquin,Purok 3 (Pob.)
Iloilo,San Joaquin,Purok 4 (Pob.)
Iloilo,San Joaquin,Purok 5 (Pob.)
Iloilo,San Joaquin,Qui-Anan
Iloilo,San Joaquin,Roma
Iloilo,San Joaquin,San Luis
Iloilo,San Joaquin,San Mateo Norte
Iloilo,San Joaquin,San Mateo Sur
Iloilo,San Joaquin,Santa Rita
Iloilo,San Joaquin,Santiago
Iloilo,San Joaquin,Sinogbuhan
Iloilo,San Joaquin,Siwaragan
Iloilo,San Joaquin,Talagutac
Iloilo,San Joaquin,Tapikan
Iloilo,San Joaquin,Taslan
Iloilo,San Joaquin,Tiglawa
Iloilo,San Joaquin,Tiolas
Iloilo,San Joaquin,To-Og
Iloilo,San Joaquin,Torocadan
Iloilo,San Joaquin,Ulay
Iloilo,Igbaras,Alameda
Iloilo,Igbaras,Amorogtong
Iloilo,Igbaras,Anilawan
Iloilo,Igbaras,Bagacay
Iloilo,Igbaras,Bagacayan
Iloilo,Igbaras,Bagay
Iloilo,Igbaras,Balibagan
Iloilo,Igbaras,Barangay 1 Poblacion
Iloilo,Igbaras,Barangay 2 Poblacion
Iloilo,Igbaras,Barangay 3 Poblacion
Iloilo,Igbaras,Barangay 4 Poblacion
Iloilo,Igbaras,Barangay 5 Poblacion
Iloilo,Igbaras,Barangay 6 Poblacion
Iloilo,Igbaras,Barasan
Iloilo,Igbaras,Binanua-An
Iloilo,Igbaras,Boclod
Iloilo,Igbaras,Buenavista
Iloilo,Igbaras,Buga
Iloilo,Igbaras,Bugnay
Iloilo,Igbaras,Calampitao
Iloilo,Igbaras,Cale
Iloilo,Igbaras,Catiringan
Iloilo,Igbaras,Corucuan
Iloilo,Igbaras,Igcabugao
Iloilo,Igbaras,Igpigus
Iloilo,Igbaras,Igtalongon
Iloilo,Igbaras,Indaluyon
Iloilo,Igbaras,Jovellar
Iloilo,Igbaras,Kinagdan
Iloilo,Igbaras,Lab-On
Iloilo,Igbaras,Lacay Dol-Dol
Iloilo,Igbaras,Lumangan
Iloilo,Igbaras,Lutungan
Iloilo,Igbaras,Mantangon
Iloilo,Igbaras,Mulangan
Iloilo,Igbaras,Pasong
Iloilo,Igbaras,Passi
Iloilo,Igbaras,Pinaopawan
Iloilo,Igbaras,Riro-An
Iloilo,Igbaras,San Ambrosio
Iloilo,Igbaras,Santa Barbara
Iloilo,Igbaras,Signe
Iloilo,Igbaras,Tabiac
Iloilo,Igbaras,Talayatay
Iloilo,Igbaras,Taytay
Iloilo,Igbaras,Tigbanaba
Iloilo,Sara,Aguirre
Iloilo,Sara,Aldeguer
Iloilo,Sara,Alibayog
Iloilo,Sara,Anoring
Iloilo,Sara,Apelo
Iloilo,Sara,Apologista
Iloilo,Sara,Aposaga
Iloilo,Sara,Arante
Iloilo,Sara,Ardemil
Iloilo,Sara,Aspera
Iloilo,Sara,Aswe-Pabriaga
Iloilo,Sara,Bagaygay
Iloilo,Sara,Bakabak
Iloilo,Sara,Batitao
Iloilo,Sara,Bato
Iloilo,Sara,Castor
Iloilo,Sara,Crespo
Iloilo,Sara,Del Castillo
Iloilo,Sara,Devera
Iloilo,Sara,Domingo
Iloilo,Sara,Ferraris
Iloilo,Sara,Gildore
Iloilo,Sara,Improgo
Iloilo,Sara,Juaneza
Iloilo,Sara,Labigan
Iloilo,Sara,Lanciola
Iloilo,Sara,Latawan
Iloilo,Sara,Malapaya
Iloilo,Sara,Muyco
Iloilo,Sara,Padios
Iloilo,Sara,Pasig
Iloilo,Sara,Poblacion Ilawod
Iloilo,Sara,Poblacion Ilaya
Iloilo,Sara,Poblacion Market
Iloilo,Sara,Posadas
Iloilo,Sara,Preciosa
Iloilo,Sara,Salcedo
Iloilo,Sara,San Luis
Iloilo,Sara,Tady
Iloilo,Sara,Tentay
Iloilo,Sara,Villahermosa
Iloilo,Sara,Zerrudo
Iloilo,Barotac Viejo,Bugnay
Iloilo,Barotac Viejo,California
Iloilo,Barotac Viejo,De La Pena
Iloilo,Barotac Viejo,Del Pilar
Iloilo,Barotac Viejo,General Luna
Iloilo,Barotac Viejo,La Fortuna
Iloilo,Barotac Viejo,Lipata
Iloilo,Barotac Viejo,Natividad
Iloilo,Barotac Viejo,Nueva Invencion
Iloilo,Barotac Viejo,Nueva Sevilla
Iloilo,Barotac Viejo,Poblacion
Iloilo,Barotac Viejo,Puerto Princesa
Iloilo,Barotac Viejo,Rizal
Iloilo,Barotac Viejo,San Antonio
Iloilo,Barotac Viejo,San Fernando
Iloilo,Barotac Viejo,San Francisco
Iloilo,Barotac Viejo,San Geronimo
Iloilo,Barotac Viejo,San Juan
Iloilo,Barotac Viejo,San Lucas
Iloilo,Barotac Viejo,San Miguel
Iloilo,Barotac Viejo,San Roque
Iloilo,Barotac Viejo,Santiago
Iloilo,Barotac Viejo,Santo Domingo
Iloilo,Barotac Viejo,Santo Tomas
Iloilo,Barotac Viejo,Ugasan
Iloilo,Barotac Viejo,Vista Alegre
Iloilo,Tigbauan,Alupidian
Iloilo,Tigbauan,Atabayan
Iloilo,Tigbauan,Bagacay
Iloilo,Tigbauan,Baguingin
Iloilo,Tigbauan,Bagumbayan
Iloilo,Tigbauan,Bangkal
Iloilo,Tigbauan,Bantud
Iloilo,Tigbauan,Barangay 1 (Pob.)
Iloilo,Tigbauan,Barangay 2 (Pob.)
Iloilo,Tigbauan,Barangay 3 (Pob.)
Iloilo,Tigbauan,Barangay 4 (Pob.)
Iloilo,Tigbauan,Barangay 5 (Pob.)
Iloilo,Tigbauan,Barangay 6 (Pob.)
Iloilo,Tigbauan,Barangay 7 (Pob.)
Iloilo,Tigbauan,Barangay 8 (Pob.)
Iloilo,Tigbauan,Barangay 9 (Pob.)
Iloilo,Tigbauan,Barosong
Iloilo,Tigbauan,Barroc
Iloilo,Tigbauan,Bayuco
Iloilo,Tigbauan,Binaliuan Mayor
Iloilo,Tigbauan,Binaliuan Menor
Iloilo,Tigbauan,Bitas
Iloilo,Tigbauan,Buenavista
Iloilo,Tigbauan,Bugasongan
Iloilo,Tigbauan,Buyu-An
Iloilo,Tigbauan,Canabuan
Iloilo,Tigbauan,Cansilayan
Iloilo,Tigbauan,Cordova Norte
Iloilo,Tigbauan,Cordova Sur
Iloilo,Tigbauan,Danao
Iloilo,Tigbauan,Dapdap
Iloilo,Tigbauan,Dorong-An
Iloilo,Tigbauan,Guisian
Iloilo,Tigbauan,Isauan
Iloilo,Tigbauan,Isian
Iloilo,Tigbauan,Jamog
Iloilo,Tigbauan,Lanag
Iloilo,Tigbauan,Linobayan
Iloilo,Tigbauan,Lubog
Iloilo,Tigbauan,Nagba
Iloilo,Tigbauan,Namocon
Iloilo,Tigbauan,Napnapan Norte
Iloilo,Tigbauan,Napnapan Sur
Iloilo,Tigbauan,Olo Barroc
Iloilo,Tigbauan,Parara Norte
Iloilo,Tigbauan,Parara Sur
Iloilo,Tigbauan,San Rafael
Iloilo,Tigbauan,Sermon
Iloilo,Tigbauan,Sipitan
Iloilo,Tigbauan,Supa
Iloilo,Tigbauan,Tan Pael
Iloilo,Tigbauan,Taro
Iloilo,Lemery,Agpipili
Iloilo,Lemery,Alcantara
Iloilo,Lemery,Almenana
Iloilo,Lemery,Anabo
Iloilo,Lemery,Bankal
Iloilo,Lemery,Buenavista
Iloilo,Lemery,Cabantohan
Iloilo,Lemery,Capinahan
Iloilo,Lemery,Dalipe
Iloilo,Lemery,Dapdapan
Iloilo,Lemery,Gerongan
Iloilo,Lemery,Imbaulan
Iloilo,Lemery,Layogbato
Iloilo,Lemery,Marapal
Iloilo,Lemery,Milan
Iloilo,Lemery,Nagsulang
Iloilo,Lemery,Nasapahan
Iloilo,Lemery,Omio
Iloilo,Lemery,Pacuan
Iloilo,Lemery,Poblacion Nw Zone
Iloilo,Lemery,Poblacion Se Zone
Iloilo,Lemery,Pontoc
Iloilo,Lemery,San Antonio
Iloilo,Lemery,San Diego
Iloilo,Lemery,San Jose Moto
Iloilo,Lemery,Sepanton
Iloilo,Lemery,Sincua
Iloilo,Lemery,Tabunan
Iloilo,Lemery,Tugas
Iloilo,Lemery,Velasco
Iloilo,Lemery,Yawyawan
Iloilo,Carles,Abong
Iloilo,Carles,Alipata
Iloilo,Carles,Asluman
Iloilo,Carles,Bancal
Iloilo,Carles,Barangcalan
Iloilo,Carles,Barosbos
Iloilo,Carles,Binuluangan
Iloilo,Carles,Bito-On
Iloilo,Carles,Bolo
Iloilo,Carles,Buaya
Iloilo,Carles,Buenavista
Iloilo,Carles,Cabilao Grande
Iloilo,Carles,Cabilao Pequeno
Iloilo,Carles,Cabuguana
Iloilo,Carles,Cawayan
Iloilo,Carles,Dayhagan
Iloilo,Carles,Gabi
Iloilo,Carles,Granada
Iloilo,Carles,Guinticgan
Iloilo,Carles,Isla De Cana
Iloilo,Carles,Lantangan
Iloilo,Carles,Manlot
Iloilo,Carles,Nalumsan
Iloilo,Carles,Pantalan
Iloilo,Carles,Poblacion
Iloilo,Carles,Punta (Bolocawe)
Iloilo,Carles,Punta Batuanan
Iloilo,Carles,San Fernando
Iloilo,Carles,Tabugon
Iloilo,Carles,Talingting
Iloilo,Carles,Tarong
Iloilo,Carles,Tinigban
Iloilo,Carles,Tupaz
Iloilo,New Lucena,Baclayan
Iloilo,New Lucena,Badiang
Iloilo,New Lucena,Balabag
Iloilo,New Lucena,Bilidan
Iloilo,New Lucena,Bita-Og Gaja
Iloilo,New Lucena,Bololacao
Iloilo,New Lucena,Burot
Iloilo,New Lucena,Cabilauan
Iloilo,New Lucena,Cabugao
Iloilo,New Lucena,Cagban
Iloilo,New Lucena,Calumbuyan
Iloilo,New Lucena,Damires
Iloilo,New Lucena,Dawis
Iloilo,New Lucena,General Delgado
Iloilo,New Lucena,Guinobatan
Iloilo,New Lucena,Janipa-An Oeste
Iloilo,New Lucena,Jelicuon Este
Iloilo,New Lucena,Jelicuon Oeste
Iloilo,New Lucena,Pasil
Iloilo,New Lucena,Poblacion
Iloilo,New Lucena,Wari-Wari
Iloilo,Estancia,Bayas (Bayas Island)
Iloilo,Estancia,Bayuyan
Iloilo,Estancia,Botongon
Iloilo,Estancia,Bulaquena
Iloilo,Estancia,Calapdan
Iloilo,Estancia,Cano-An
Iloilo,Estancia,Daan Banua
Iloilo,Estancia,Daculan
Iloilo,Estancia,Gogo
Iloilo,Estancia,Jolog
Iloilo,Estancia,Loguingot (Loguingot Island)
Iloilo,Estancia,Lonoy (Roman Mosqueda)
Iloilo,Estancia,Lumbia (Ana Cuenca)
Iloilo,Estancia,Malbog
Iloilo,Estancia,Manipulon
Iloilo,Estancia,Pa-On
Iloilo,Estancia,Poblacion Zone 1
Iloilo,Estancia,Poblacion Zone II
Iloilo,Estancia,Poblacion Zone III
Iloilo,Estancia,San Roque
Iloilo,Estancia,Santa Ana
Iloilo,Estancia,Tabu-An
Iloilo,Estancia,Tacbuyan
Iloilo,Estancia,Tanza
Iloilo,Estancia,Villa Pani-An
Iloilo,San Dionisio,Agdaliran
Iloilo,San Dionisio,Amayong
Iloilo,San Dionisio,Bagacay
Iloilo,San Dionisio,Batuan
Iloilo,San Dionisio,Bondulan
Iloilo,San Dionisio,Borongon
Iloilo,San Dionisio,Canas
Iloilo,San Dionisio,Capinang
Iloilo,San Dionisio,Cubay
Iloilo,San Dionisio,Cudionan
Iloilo,San Dionisio,Dugman
Iloilo,San Dionisio,Hacienda Conchita
Iloilo,San Dionisio,Madanlog
Iloilo,San Dionisio,Mandu-Awak
Iloilo,San Dionisio,Moto
Iloilo,San Dionisio,Naborot
Iloilo,San Dionisio,Nipa
Iloilo,San Dionisio,Odiongan
Iloilo,San Dionisio,Pangi
Iloilo,San Dionisio,Pase
Iloilo,San Dionisio,Poblacion
Iloilo,San Dionisio,San Nicolas
Iloilo,San Dionisio,Santol
Iloilo,San Dionisio,Siempreviva
Iloilo,San Dionisio,Sua
Iloilo,San Dionisio,Talo-Ato
Iloilo,San Dionisio,Tamangi
Iloilo,San Dionisio,Tiabas
Iloilo,San Dionisio,Tuble
Iloilo,Lambunao,Agsirab
Iloilo,Lambunao,Agtuman
Iloilo,Lambunao,Alugmawa
Iloilo,Lambunao,Badiangan
Iloilo,Lambunao,Balagiao
Iloilo,Lambunao,Banban
Iloilo,Lambunao,Bansag
Iloilo,Lambunao,Bayuco
Iloilo,Lambunao,Binaba-An Armada
Iloilo,Lambunao,Binaba-An Labayno
Iloilo,Lambunao,Binaba-An Limoso
Iloilo,Lambunao,Binaba-An Portigo
Iloilo,Lambunao,Binaba-An Tirador
Iloilo,Lambunao,Bogongbong
Iloilo,Lambunao,Bonbon
Iloilo,Lambunao,Bontoc
Iloilo,Lambunao,Buri
Iloilo,Lambunao,Burirao
Iloilo,Lambunao,Buwang
Iloilo,Lambunao,Cabatangan
Iloilo,Lambunao,Cabugao
Iloilo,Lambunao,Cabunlawan
Iloilo,Lambunao,Caguisanan
Iloilo,Lambunao,Caloy-Ahan
Iloilo,Lambunao,Caninguan
Iloilo,Lambunao,Capangyan
Iloilo,Lambunao,Cayan Este
Iloilo,Lambunao,Cayan Oeste
Iloilo,Lambunao,Corot-On
Iloilo,Lambunao,Coto
Iloilo,Lambunao,Cubay
Iloilo,Lambunao,Cunarum
Iloilo,Lambunao,Daanbanwa
Iloilo,Lambunao,Gines
Iloilo,Lambunao,Hipgos
Iloilo,Lambunao,Jayubo
Iloilo,Lambunao,Jorog
Iloilo,Lambunao,Lanot Grande
Iloilo,Lambunao,Lanot Pequeno
Iloilo,Lambunao,Legayada
Iloilo,Lambunao,Lumanay
Iloilo,Lambunao,Madarag
Iloilo,Lambunao,Magbato
Iloilo,Lambunao,Maite Grande
Iloilo,Lambunao,Maite Pequeno
Iloilo,Lambunao,Malag-It
Iloilo,Lambunao,Manaulan
Iloilo,Lambunao,Maribong
Iloilo,Lambunao,Marong
Iloilo,Lambunao,Misi
Iloilo,Lambunao,Natividad
Iloilo,Lambunao,Pajo
Iloilo,Lambunao,Pandan
Iloilo,Lambunao,Panuran
Iloilo,Lambunao,Pasig
Iloilo,Lambunao,Patag
Iloilo,Lambunao,Poblacion Ilawod
Iloilo,Lambunao,Poblacion Ilaya
Iloilo,Lambunao,Poong
Iloilo,Lambunao,Pughanan
Iloilo,Lambunao,Pungsod
Iloilo,Lambunao,Quiling
Iloilo,Lambunao,Sagcup
Iloilo,Lambunao,San Gregorio
Iloilo,Lambunao,Sibacungan
Iloilo,Lambunao,Sibaguan
Iloilo,Lambunao,Simsiman
Iloilo,Lambunao,Supoc
Iloilo,Lambunao,Tampucao
Iloilo,Lambunao,Tranghawan
Iloilo,Lambunao,Tubungan
Iloilo,Lambunao,Tuburan
Iloilo,Lambunao,Walang
Iloilo,Santa Barbara,Agusipan
Iloilo,Santa Barbara,Agutayan
Iloilo,Santa Barbara,Bagumbayan
Iloilo,Santa Barbara,Balabag
Iloilo,Santa Barbara,Balibagan Este
Iloilo,Santa Barbara,Balibagan Oeste
Iloilo,Santa Barbara,Ban-Ag
Iloilo,Santa Barbara,Bantay
Iloilo,Santa Barbara,Barangay Zone I (Pob.)
Iloilo,Santa Barbara,Barangay Zone II (Pob.)
Iloilo,Santa Barbara,Barangay Zone III (Pob.)
Iloilo,Santa Barbara,Barangay Zone IV (Pob.)
Iloilo,Santa Barbara,Barangay Zone V (Pob.)
Iloilo,Santa Barbara,Barangay Zone VII (Pob.)
Iloilo,Santa Barbara,Barasan Este
Iloilo,Santa Barbara,Barasan Oeste
Iloilo,Santa Barbara,Binangkilan
Iloilo,Santa Barbara,Bitaog-Taytay
Iloilo,Santa Barbara,Bolong Este
Iloilo,Santa Barbara,Bolong Oeste
Iloilo,Santa Barbara,Buayahon
Iloilo,Santa Barbara,Buyo
Iloilo,Santa Barbara,Cabugao Norte
Iloilo,Santa Barbara,Cabugao Sur
Iloilo,Santa Barbara,Cadagmayan Norte
Iloilo,Santa Barbara,Cadagmayan Sur
Iloilo,Santa Barbara,Cafe
Iloilo,Santa Barbara,Calaboa Este
Iloilo,Santa Barbara,Calaboa Oeste
Iloilo,Santa Barbara,Camambugan
Iloilo,Santa Barbara,Canipayan
Iloilo,Santa Barbara,Conaynay
Iloilo,Santa Barbara,Daga
Iloilo,Santa Barbara,Dalid
Iloilo,Santa Barbara,Duyanduyan
Iloilo,Santa Barbara,Gen. Martin T. Delgado
Iloilo,Santa Barbara,Guno
Iloilo,Santa Barbara,Inangayan
Iloilo,Santa Barbara,Jibao-An
Iloilo,Santa Barbara,Lacadon
Iloilo,Santa Barbara,Lanag
Iloilo,Santa Barbara,Lupa
Iloilo,Santa Barbara,Magancina
Iloilo,Santa Barbara,Malawog
Iloilo,Santa Barbara,Mambuyo
Iloilo,Santa Barbara,Manhayang
Iloilo,Santa Barbara,Miraga-Guibuangan
Iloilo,Santa Barbara,Nasugban
Iloilo,Santa Barbara,Omambog
Iloilo,Santa Barbara,Pal-Agon
Iloilo,Santa Barbara,Pungsod
Iloilo,Santa Barbara,San Sebastian
Iloilo,Santa Barbara,Sangcate
Iloilo,Santa Barbara,Tagsing
Iloilo,Santa Barbara,Talanghauan
Iloilo,Santa Barbara,Talongadian
Iloilo,Santa Barbara,Tigtig
Iloilo,Santa Barbara,Tuburan
Iloilo,Santa Barbara,Tugas
Iloilo,Santa Barbara,Tungay
Iloilo,Miagao,Agdum
Iloilo,Miagao,Aguiauan
Iloilo,Miagao,Alimodias
Iloilo,Miagao,Awang
Iloilo,Miagao,Bacauan
Iloilo,Miagao,Bacolod
Iloilo,Miagao,Bagumbayan
Iloilo,Miagao,Banbanan
Iloilo,Miagao,Banga
Iloilo,Miagao,Bangladan
Iloilo,Miagao,Banuyao
Iloilo,Miagao,Baraclayan
Iloilo,Miagao,Bariri
Iloilo,Miagao,Baybay Norte (Pob.)
Iloilo,Miagao,Baybay Sur (Pob.)
Iloilo,Miagao,Belen
Iloilo,Miagao,Bolho (Pob.)
Iloilo,Miagao,Bolocaue
Iloilo,Miagao,Buenavista Norte
Iloilo,Miagao,Buenavista Sur
Iloilo,Miagao,Bugtong Lumangan
Iloilo,Miagao,Bugtong Naulid
Iloilo,Miagao,Cabalaunan
Iloilo,Miagao,Cabangcalan
Iloilo,Miagao,Cabunotan
Iloilo,Miagao,Cadoldolan
Iloilo,Miagao,Cagbang
Iloilo,Miagao,Caitib
Iloilo,Miagao,Calagtangan
Iloilo,Miagao,Calampitao
Iloilo,Miagao,Cavite
Iloilo,Miagao,Cawayanan
Iloilo,Miagao,Cubay
Iloilo,Miagao,Cubay Ubos
Iloilo,Miagao,Dalije
Iloilo,Miagao,Damilisan
Iloilo,Miagao,Dawog
Iloilo,Miagao,Diday
Iloilo,Miagao,Dingle
Iloilo,Miagao,Durog
Iloilo,Miagao,Frantilla
Iloilo,Miagao,Fundacion
Iloilo,Miagao,Gines
Iloilo,Miagao,Guibongan
Iloilo,Miagao,Igbita
Iloilo,Miagao,Igbugo
Iloilo,Miagao,Igcabidio
Iloilo,Miagao,Igcabito-On
Iloilo,Miagao,Igcatambor
Iloilo,Miagao,Igdalaquit
Iloilo,Miagao,Igdulaca
Iloilo,Miagao,Igpajo
Iloilo,Miagao,Igpandan
Iloilo,Miagao,Igpuro
Iloilo,Miagao,Igpuro-Bariri
Iloilo,Miagao,Igsoligue
Iloilo,Miagao,Igtuba
Iloilo,Miagao,Ilog-Ilog
Iloilo,Miagao,Indag-An
Iloilo,Miagao,Kirayan Norte
Iloilo,Miagao,Kirayan Sur
Iloilo,Miagao,Kirayan Tacas
Iloilo,Miagao,La Consolacion
Iloilo,Miagao,Lacadon
Iloilo,Miagao,Lanutan
Iloilo,Miagao,Lumangan
Iloilo,Miagao,Mabayan
Iloilo,Miagao,Maduyo
Iloilo,Miagao,Malagyan
Iloilo,Miagao,Mambatad
Iloilo,Miagao,Maninila
Iloilo,Miagao,Maricolcol
Iloilo,Miagao,Maringyan
Iloilo,Miagao,Mat-Y (Pob.)
Iloilo,Miagao,Matalngon
Iloilo,Miagao,Naclub
Iloilo,Miagao,Nam-O Norte
Iloilo,Miagao,Nam-O Sur
Iloilo,Miagao,Narat-An
Iloilo,Miagao,Narorogan
Iloilo,Miagao,Naulid
Iloilo,Miagao,Olango
Iloilo,Miagao,Ongyod
Iloilo,Miagao,Onop
Iloilo,Miagao,Oya-Oy
Iloilo,Miagao,Oyungan
Iloilo,Miagao,Palaca
Iloilo,Miagao,Paro-On
Iloilo,Miagao,Potrido
Iloilo,Miagao,Pudpud
Iloilo,Miagao,Pungtod Monteclaro
Iloilo,Miagao,Pungtod Naulid
Iloilo,Miagao,Sag-On
Iloilo,Miagao,San Fernando
Iloilo,Miagao,San Jose
Iloilo,Miagao,San Rafael
Iloilo,Miagao,Sapa (Miagao)
Iloilo,Miagao,Saring
Iloilo,Miagao,Sibucao
Iloilo,Miagao,Taal
Iloilo,Miagao,Tabunacan
Iloilo,Miagao,Tacas (Pob.)
Iloilo,Miagao,Tambong
Iloilo,Miagao,Tan-Agan
Iloilo,Miagao,Tatoy
Iloilo,Miagao,Ticdalan
Iloilo,Miagao,Tig-Amaga
Iloilo,Miagao,Tig-Apog-Apog
Iloilo,Miagao,Tigbagacay
Iloilo,Miagao,Tiglawa
Iloilo,Miagao,Tigmalapad
Iloilo,Miagao,Tigmarabo
Iloilo,Miagao,To-Og
Iloilo,Miagao,Tugura-Ao
Iloilo,Miagao,Tumagboc
Iloilo,Miagao,Ubos Ilawod (Pob.)
Iloilo,Miagao,Ubos Ilaya (Pob.)
Iloilo,Miagao,Valencia
Iloilo,Miagao,Wayang
Iloilo,Pavia,Aganan
Iloilo,Pavia,Amparo
Iloilo,Pavia,Anilao
Iloilo,Pavia,Balabag
Iloilo,Pavia,Cabugao Norte
Iloilo,Pavia,Cabugao Sur
Iloilo,Pavia,Jibao-An
Iloilo,Pavia,Mali-Ao
Iloilo,Pavia,Pagsanga-An
Iloilo,Pavia,Pal-Agon
Iloilo,Pavia,Pandac
Iloilo,Pavia,Purok I (Pob.)
Iloilo,Pavia,Purok II (Pob.)
Iloilo,Pavia,Purok III (Pob.)
Iloilo,Pavia,Purok IV (Pob.)
Iloilo,Pavia,Tigum
Iloilo,Pavia,Ungka I
Iloilo,Pavia,Ungka II
Iloilo,San Miguel,Bgy. 1 Pob. (Roxas St.)
Iloilo,San Miguel,Bgy. 10 (Pob. R.v.sanchez St. South)
Iloilo,San Miguel,Bgy. 11 Pob. (R.v.sanchez St. North)
Iloilo,San Miguel,Bgy. 12 Pob. (Sales Malaga Saliedo)
Iloilo,San Miguel,Bgy. 13 Pob. (Sta.rita-Saclauso St.)
Iloilo,San Miguel,Bgy. 14 Pob. (San Miguel North)
Iloilo,San Miguel,Bgy. 15 Pob. (San Miguel South)
Iloilo,San Miguel,Bgy. 16 Pob. (San Agustin St.)
Iloilo,San Miguel,Bgy. 2 Pob. (Savilla Sto. Rosario)
Iloilo,San Miguel,Bgy. 3 Pob. (A.s.suarez St. Zone 1)
Iloilo,San Miguel,Bgy. 4 Pob. (A.s.suarez East)
Iloilo,San Miguel,Bgy. 5 Pob. (Santiago St.north)
Iloilo,San Miguel,Bgy. 6 Pob. (Santiago St.south)
Iloilo,San Miguel,Bgy. 7 Pob. (San Roque St.south)
Iloilo,San Miguel,Bgy. 8 Pob. (Montano - San Roque)
Iloilo,San Miguel,Bgy. 9 Pob. (Salazar San Jose)
Iloilo,San Miguel,Consolacion
Iloilo,San Miguel,Igtambo
Iloilo,San Miguel,San Antonio
Iloilo,San Miguel,San Jose
Iloilo,San Miguel,Santa Cruz
Iloilo,San Miguel,Santa Teresa
Iloilo,San Miguel,Santo Angel
Iloilo,San Miguel,Santo Nino
Iloilo,Tubungan,Adgao
Iloilo,Tubungan,Ago
Iloilo,Tubungan,Ambarihon
Iloilo,Tubungan,Ayubo
Iloilo,Tubungan,Bacan
Iloilo,Tubungan,Badiang
Iloilo,Tubungan,Bagunanay
Iloilo,Tubungan,Balicua
Iloilo,Tubungan,Bantayanan
Iloilo,Tubungan,Batga
Iloilo,Tubungan,Bato
Iloilo,Tubungan,Bikil
Iloilo,Tubungan,Boloc
Iloilo,Tubungan,Bondoc
Iloilo,Tubungan,Borong
Iloilo,Tubungan,Buenavista
Iloilo,Tubungan,Cadabdab
Iloilo,Tubungan,Daga-Ay
Iloilo,Tubungan,Desposorio
Iloilo,Tubungan,Igdampog Norte
Iloilo,Tubungan,Igdampog Sur
Iloilo,Tubungan,Igpaho
Iloilo,Tubungan,Igtuble
Iloilo,Tubungan,Ingay
Iloilo,Tubungan,Isauan
Iloilo,Tubungan,Jolason
Iloilo,Tubungan,Jona
Iloilo,Tubungan,La-Ag
Iloilo,Tubungan,Lanag Norte
Iloilo,Tubungan,Lanag Sur
Iloilo,Tubungan,Male
Iloilo,Tubungan,Mayang
Iloilo,Tubungan,Molina
Iloilo,Tubungan,Morcillas
Iloilo,Tubungan,Nagba
Iloilo,Tubungan,Navillan
Iloilo,Tubungan,Pinamacalan
Iloilo,Tubungan,San Jose
Iloilo,Tubungan,Sibucauan
Iloilo,Tubungan,Singon
Iloilo,Tubungan,Tabat
Iloilo,Tubungan,Tagpu-An
Iloilo,Tubungan,Talento
Iloilo,Tubungan,Teniente Benito
Iloilo,Tubungan,Victoria
Iloilo,Tubungan,Zone I (Pob.)
Iloilo,Tubungan,Zone II (Pob.)
Iloilo,Tubungan,Zone III (Pob.)
